marca_temporal,consentimiento_informado,codigo_identificacion,genero,nivel_educativo,consumo_personal,consumo_familiar,conocimientos_salud,pregunta_inicio,creencia_1,creencia_2,actitud_1,actitud_2,creencia_3,actitud_3,edad,creencia_4,actitud_4,pregunta_final,conducta_1,conducta_2,conducta_3,conducta_4,Columna 1,Columna 2,grupo_encuestado,creencia,actitud,conducta
15/9/2026 17:50:31,Acepto participar,M,Masculino,Secundario Completo,0,0,0,"En su mayoria intento no crear prejuicios acerca ese tema y de más, como mucho me daría curiosidad el como llegó a esa situación y la preguntaría si veo que no es incorrecto acerlo ",0.5,0.5,0.5,1.0,-0.0,0.5,Entre 18 y 29 años,0.5,0.5,no tengo ninguna experiencia o situación que quiera mencionar,0.5,0.5,-0.0,1.0,,22,Externo al tema,0.375,0.625,0.5
15/9/2026 18:02:07,Acepto participar,L,Masculino,Secundario Completo,0,0,0,Estará loca?,0.0,-0.5,0.0,-0.5,1.0,-0.5,Entre 18 y 29 años,0.0,1.0,.,0.5,1.0,-0.0,1.0,,,Externo al tema,0.125,0.0,0.625
15/9/2026 18:04:17,Acepto participar,L,Masculino,Universitario Completo,0,1,0,Que es una persona que esta enferma,0.0,1.0,0.5,0.5,-0.5,0.5,Entre 40 y 50 años,0.5,-0.5,"Si, cuando me separe mi pareja fue internada en una clinica paiquiatrica y estuvo medicada por mas de un año, pude ver su proceso de cerca. ",0.5,0.5,-0.5,0.5,,,Externo al tema,0.25,0.25,0.25
15/9/2026 18:08:41,Acepto participar,M,Femenino,Secundario Completo,1,1,1,Tiene un desorden mental,0.5,1.0,0.5,1.0,-0.0,0.5,Entre 18 y 29 años,1.0,0.5,No que recuerde ahora,-1.0,1.0,-0.0,1.0,,,Interno al tema,0.625,0.625,0.25
15/9/2026 18:10:15,Acepto participar,B,Masculino,Terciario Completo,0,1,0,Que esa persona necesita un acompañamiento medicinal para conllevar mejor un problema de salud mental.,1.0,1.0,1.0,1.0,1.0,1.0,Entre 18 y 29 años,1.0,1.0,Tanto mi pareja como varios miembros de mi familia toman medicación psiquiátrica.,1.0,1.0,1.0,1.0,,,Externo al tema,1.0,1.0,1.0
15/9/2026 18:16:46,Acepto participar,S,Masculino,Universitario Completo,0,0,0,Nada ,1.0,1.0,1.0,1.0,-0.0,1.0,Entre 40 y 50 años,1.0,-0.0,"Un amigo que pudo seguir adelante con su vida habitual gracias a encontrar una medicación adecuada por un tiempo, luego paulatinamente la dejó de tomar y estuvo bárbaro ",1.0,1.0,1.0,1.0,,,Externo al tema,0.75,0.75,1.0
15/9/2026 18:16:48,Acepto participar,B,Femenino,Universitario Completo,0,1,0,Que tiene ansiedad o ataques de pánico ,1.0,1.0,1.0,0.5,1.0,1.0,Entre 30 y 39 años,1.0,-1.0,Siento que cada vez es más común conocer gente que esté en tratamiento ,-1.0,1.0,1.0,1.0,,,Externo al tema,1.0,0.375,0.5
15/9/2026 18:17:34,Acepto participar,S,Femenino,Secundario Completo,1,1,0,Que la persona debe desbordada al no poder equilibrarse por sí misma y necesitar de una ayuda química ,0.5,1.0,1.0,0.0,0.5,0.5,Entre 18 y 29 años,0.5,0.5,No tengo ninguna experiencia ,0.5,0.0,1.0,0.5,,,Interno al tema,0.625,0.5,0.5
15/9/2026 18:22:06,Acepto participar,M,Femenino,Secundario Completo,1,1,0,Que la persona y el profesional llegaron a la conclusión de que era necesaria para mejorar la calidad de vida del paciente y (a veces) “facilitar” el tratamiento,1.0,1.0,0.5,1.0,1.0,1.0,Entre 18 y 29 años,1.0,1.0,"Yo tomo medicación psiquiátrica por tdah. Al principio me rehusaba a tomar porque no me gusta el hecho de tomar pastillas de ningún tipo. Mi círculo entendía mi punto de vista pero me hicieron dar cuenta que era necesaria la medicación ya que los síntomas no solo influían en mi vida individual, sino también en mi vida social, laboral y académica, por lo tanto afectaba mi calidad de vida de forma negativa.
Luego de tomar la medicación entendí a lo que se referían y mi calidad de vida mejoró notablemente en todo sentido. Hoy en día personas nuevas en mi vida consideran que no se nota diferencia entre los días que tomo la medicación y los que me olvido de tomarla, pero mi familia, por ejemplo, sostiene que hay una gran diferencia positiva entre el pre y post medicación.

Cabe destacar que antes no entendía qué tanto podía influir la medicación psiquiátrica (creía que no era tan útil), pero a partir de mi experiencia entendí que no siempre los cambios se ven desde afuera, sino que muchas veces el cambio es más interno para el paciente. Me refiero a, volviendo a hablar del tdah y mi experiencia, que a veces los demás no entienden en qué me influyó la medicación y yo mentalmente me siento más estable. Por ejemplo: duermo mejor, me distraigo menos, me organizo mejor, regulo mejor mis emociones, tengo menos ansiedad, entre otras cosas. Son síntomas más “personales” que tal vez uno mismo no exterioriza, pero al fin y al cabo si no son tratados afectan en la calidad de vida del paciente",-1.0,1.0,1.0,1.0,,,Interno al tema,1.0,0.875,0.5
15/9/2026 18:22:45,Acepto participar,S,Masculino,Universitario Completo,0,1,0,Que si es autorizada por un profesional está haciendo bien,1.0,1.0,1.0,1.0,0.5,1.0,Entre 40 y 50 años,0.5,0.5,"Sí, he tenido una pareja que tomó medicación psiquiatrica y en su momento le aconsejé que lo haga, mediante un tratamiento con un profesional, y tomé como una herramienta más para ayudar a la mejora de su salud mental",1.0,0.5,0.5,1.0,,,Externo al tema,0.75,0.875,0.75
15/9/2026 18:29:44,Acepto participar,M,Masculino,Terciario Completo,0,0,0,Que debe tener cierta condición ,0.5,1.0,1.0,1.0,1.0,0.0,Entre 18 y 29 años,1.0,1.0,"No experimente ninguna situación con alguien que tenga medicación psiquiátrica, pero siento que no debería cambiar mí percepción sobre esa persona únicamente por ese hecho",1.0,1.0,0.5,1.0,,,Externo al tema,0.875,0.75,0.875
15/9/2026 18:30:38,Acepto participar,B,Femenino,Secundario Completo,0,1,0,"Nada, hoy en dia es re común, es mas bien un ""ah mira""",0.5,0.5,0.5,0.5,0.5,0.0,Entre 30 y 39 años,0.5,0.5,"Tengo una amiga que toma medicación psiquiatrics y no le influyó nunca para nada en su vida. Se recibió, hoy es doctora, trabaja, vive con su pareja, se van a casar. Para mí es el claro ejemplo de que es algo que puede sumar en la vida de alguien que la esta pasando mal.",0.5,0.5,1.0,1.0,,,Externo al tema,0.5,0.375,0.75
15/9/2026 18:31:35,Acepto participar,B,Femenino,Universitario Completo,1,0,0,"Antes tenía prejuicios y me costó mucho aceptarlo cuando me tocó a mí. Pensaba que estaba muy mal la gente que tomaba medicación, que era algo extremo. Ahora simplemente pienso que estamos en la misma.",1.0,1.0,1.0,1.0,1.0,1.0,Entre 30 y 39 años,1.0,1.0,Ser diagnosticada con trastorno de ansiedad y tener que tomar medicación. Tener amigxs antes que también tuvieron que tomar medicación me hizo más llevadero el proceso de aceptar que yo también lo necesitaba. ,1.0,1.0,1.0,1.0,,,Interno al tema,1.0,1.0,1.0
15/9/2026 18:31:57,Acepto participar,M,Masculino,Secundario Completo,1,1,0,"Antes tenia prejuicio, pero desde Que consumo medicacion psiquiatrica, los psiquiatras que tuve me enseñaron que no es malo apoyarse de la quimica mientras trabajas el lado psiquico. ",1.0,1.0,1.0,0.5,1.0,0.0,Entre 18 y 29 años,1.0,0.5,Desde que estoy medicado cambio mi mirada hacia la gente que esta en la misma situacion. Y me diga masomenos para cuenta que hay mas personas medicadas de las que pensamos.,1.0,1.0,0.5,1.0,,,Interno al tema,1.0,0.5,0.875
15/9/2026 18:40:10,Acepto participar,B,Femenino,Terciario Completo,0,0,0,La importancia de la salud mental,1.0,1.0,1.0,0.5,1.0,1.0,Entre 30 y 39 años,1.0,1.0,Ha influido positivamente. Muy necesaria la salud mental. ,-1.0,1.0,0.5,0.5,,,Externo al tema,1.0,0.875,0.25
15/9/2026 18:52:51,Acepto participar,B,Femenino,Terciario Completo,0,1,0,"Uy, que mal, tiene un daño ",0.0,0.5,0.5,0.0,0.5,0.0,Entre 30 y 39 años,0.0,-0.5,No,1.0,1.0,-0.0,1.0,,,Externo al tema,0.25,0.0,0.75
15/9/2026 18:54:02,Acepto participar,B,Femenino,Universitario Completo,0,1,0,Qué buen que se está ocupando de su salud mental,0.5,1.0,0.5,0.0,0.5,1.0,Entre 40 y 50 años,1.0,0.5,Vi que da resultados,-1.0,1.0,0.5,0.5,,,Externo al tema,0.75,0.5,0.25
15/9/2026 18:55:25,Acepto participar,B,Femenino,Secundario Completo,0,0,0,"Pienso que probablemente este atravesando alguna situación personal que lo lleve a tener una enfermedad vinculada con la salud mental y esta haciendo un tratamiento para sentirse mejor. No necesariamente pienso algo negativo de la persona, es decir, no pienso q lo defina como persona, pienso q todos tenemos problemas, dificultades o enfermedades.  ",1.0,1.0,1.0,0.0,0.5,1.0,Entre 18 y 29 años,1.0,0.5,"Tuve una amiga que atravesaba problemas de salud mental y, cuando no tomaba su medicación, nuestra relación se volvía bastante complicada y terminábamos distanciándonos. Le costaba vincularse, no quería salir, se ofendía por situaciones que a mí me resultaban difíciles de entender y, en algunas ocasiones, decía que iba a asistir a reuniones y después no iba.
En cambio, cuando tomaba la medicación, yo notaba un cambio muy positivo en ella: se mostraba mucho más amable, sociable y predispuesta a relacionarse. Desde mi experiencia, sentía que la medicación le hacía bien y que contribuía a que pudiera desenvolverse de una manera más saludable.
Por eso, considero que no deberíamos demonizar la medicación psiquiátrica. ",1.0,1.0,0.5,0.5,,,Externo al tema,0.875,0.625,0.75
15/9/2026 19:11:15,Acepto participar,L,Masculino,Terciario Completo,0,1,0,Que tiene algún problema ,0.5,0.5,1.0,1.0,-0.0,0.5,Entre 18 y 29 años,1.0,-0.5,No tengo una experiencia para contar ,1.0,0.0,0.5,1.0,,,Externo al tema,0.5,0.5,0.625
15/9/2026 19:19:26,Acepto participar,B,Otro,Universitario Completo,1,1,1,"que la necesita para regularse y para su bienestar, trato de pensarla como una medicación más que no es distinta de la insulina para los diabéticos por ejemplo",0.5,1.0,1.0,1.0,1.0,1.0,Entre 30 y 39 años,1.0,0.5,"me medico desde la infancia y la medicación correcta, sobre todo para el TDAH, me salvó la calidad de vida. Que alguien tome medicación psiquiátrica influiría para bien en mi opinión de la persona, para mí es positivo que quien la necesite la tome. En mi grupo de pares todes tomamos y somos transparentes al respecto, es algo que no está estigmatizado en mi vida social. Si una persona necesita anteojos o un bastón nadie pensaría mal de que los use, lo mismo pienso de los psicofármacos, el estigma contribuye a una sociedad capacitista y cuerdista.",1.0,1.0,-1.0,1.0,,,Interno al tema,0.875,0.875,0.5
15/9/2026 19:22:38,Acepto participar,L,Femenino,Universitario Completo,0,0,0,apoyo emocional - regulación ,1.0,1.0,1.0,-0.5,0.5,0.0,Entre 40 y 50 años,0.5,-0.0,por ahora ninguna para compartir ,1.0,0.5,1.0,0.5,,,Externo al tema,0.75,0.125,0.75
15/9/2026 19:24:37,Acepto participar,B,Femenino,Secundario Completo,0,1,0,Una persona que no logra actualmente gestionar sus problemas emocionales y mentales por otras vías.,0.5,0.0,1.0,1.0,1.0,1.0,Entre 18 y 29 años,1.0,-0.5,"Tengo una persona en mi familia (mi tía) que toma medicación psiquiátrica por su depresión. Ella siempre impulsó a separar a mi familia con peleas por nimiedades y, en el momento en el que tuvo la mínima excusa, cortó vínculos con parte de mi familia. Nunca se hizo responsable de sus acciones, y mantiene vínculos con otras personas de la familia sin escrúpulos, evitando mencionar cómo, por ejemplo, ella nunca va a las reuniones familiares o cómo delega responsabilidades en mi abuela (como llevar a su hija, es decir la nieta de mi abuela, a la psicóloga, incluso cuando tiene todos los medios para hacerlo, ni siquiera saludando a mi abuela o agradeciéndole cuando lo hace rutinariamente). Entiendo que su estado mental pueda jugar un papel en esto, pero también sé que sus acciones afectan negativamente a mi familia y ella nunca reconoció esto ni buscó hacer cambios significativos, lo cual me lleva a opinar que el padecer una enfermedad mental lo suficientemente grave como para que te recomiender tomar medicación no es excusa para quedarte en un estado de pasividad en las cosas que te conviene evitar, mientras continuás con tus proyectos personales sin problemas.",-1.0,1.0,-0.0,1.0,,,Externo al tema,0.625,0.625,0.25
15/9/2026 19:27:13,Acepto participar,B,Masculino,Secundario Completo,0,0,0,Qué es una persona que reconoce que está mal y trata por mejorar ,0.5,0.0,0.5,0.5,1.0,0.0,Entre 18 y 29 años,-0.5,1.0,No ,1.0,-0.5,1.0,0.5,,,Externo al tema,0.25,0.5,0.5
15/9/2026 19:33:51,Acepto participar,B,Femenino,Secundario Completo,0,1,1,Que necesita algún tipo de apoyo que su parte hormonal (falta de dopamina ect)  no le puede brindar ,1.0,1.0,1.0,0.0,1.0,1.0,Entre 18 y 29 años,1.0,1.0,La verdad es que tengo solo una sola experiencia cercana en la cual una amiga en pandemia casi se suicida y comenzó a tomar medicamentos contra la depresión pero nunca logro comunicarme lo hasta que estuvo mejor. La verdad que me habría gustado que lo comunicará aunque nos habláramos tanto. Está situación me impacto un montón ya que ambas arrancabamos la adolescencia. Por lo que fue mi primera vez hablando de medicamentos psiquiátricos. Pero al ver que era algo beneficioso nunca tuve algún prejuicio. ,1.0,1.0,1.0,1.0,,,Interno al tema,1.0,0.75,1.0
15/9/2026 19:49:01,Acepto participar,M,Femenino,Secundario Completo,0,0,0,Pienso que es normal y que si lo/la ayuda a mejorar su calidad de vida está perfecto  ,0.5,0.5,0.5,0.5,1.0,0.5,Entre 18 y 29 años,1.0,1.0,En mi caso mi madre trabajó muchos años en una clínica psiquiátrica por lo cual soy consciente de lo que puede llegar a pasar si no nos preocupamos por nuestra salud mental y la tomamos a la ligera ,0.5,1.0,1.0,1.0,,,Externo al tema,0.75,0.625,0.875
15/9/2026 19:59:34,Acepto participar,M,Femenino,Secundario Completo,0,1,0,"Que tuvo o tiene algún trauma, sino que padece alguna enfermedad mental y no la pasa bien ",0.5,1.0,1.0,1.0,1.0,1.0,Entre 18 y 29 años,0.5,1.0,"A mí hermano lo diagnosticaron mal con TDAH, tomo medicación por un tiempo y no le hizo bien, por el simple hecho de que a él no le servía. Yo creo que bien tratado cualquier persona puede mantener una vida normal y relacionarse ",-1.0,1.0,0.5,1.0,,,Externo al tema,0.75,1.0,0.375
15/9/2026 20:03:55,Acepto participar,M,Masculino,Secundario Completo,0,1,0,Que está tratando de recuperar su vida sana,0.5,0.5,0.0,1.0,-0.0,0.5,Entre 18 y 29 años,0.5,-0.0,No,0.5,0.5,-0.5,1.0,,,Externo al tema,0.375,0.375,0.375
15/9/2026 20:07:56,Acepto participar,L,Femenino,Universitario Completo,0,1,0,Que está en tratamiento. ,1.0,0.5,1.0,0.0,1.0,1.0,Entre 40 y 50 años,1.0,1.0,"No, ninguna. ",1.0,1.0,1.0,1.0,,,Externo al tema,0.875,0.75,1.0
15/9/2026 20:25:33,Acepto participar,B,Femenino,Terciario Completo,0,1,0,Que tiene depresion/bipolaridad o algo relacionado,1.0,0.5,1.0,1.0,1.0,1.0,Entre 18 y 29 años,0.5,0.5,"Tuve una relacion fea con una persona bipolar, asi que me da duda un poco sobre si la medicacion realmente ayuda al 100% en esas relaciones personales. Pero cada persona es distinta y los efectos de la medicacion sobre ellas tambien.",1.0,1.0,-0.0,0.5,,,Externo al tema,0.75,0.875,0.625
15/9/2026 20:31:14,Acepto participar,L,Femenino,Secundario Completo,1,1,1,menos mal!!! ojalá ande bien. que bueno que tiene acceso a ese recurso ,1.0,1.0,1.0,0.5,-0.0,1.0,Entre 18 y 29 años,1.0,-0.0,"charlar con mi psicóloga al respecto, y hablar con amigas y conocidas que toman y tomaron",0.5,0.5,-0.0,1.0,,,Interno al tema,0.75,0.625,0.5
15/9/2026 20:39:25,Acepto participar,L,Femenino,Terciario Completo,0,1,0,Que necesita ayuda para regular un estado de como se siente,-0.5,0.5,0.5,0.5,-0.0,0.0,Entre 40 y 50 años,0.0,-0.0,Si tengo amigas que pasaron por tratamientos. Pienso que un tratamiento puede ser efectivo pero todo depende de la voluntad que tenga la persona en seguirlo. Por eso es relativo y se debería ayudar al paciente a qué sea constante para poder tener buenos resultados. Quizás al principio del mismo sería bueno que se adapte al tratamiento sin presión por continuar con tareas como un trabajo. ,0.0,0.0,-0.5,0.5,,,Externo al tema,0.0,0.25,0.0
15/9/2026 20:42:18,Acepto participar,L,Femenino,Universitario Completo,1,0,0,Que quiere regularse y obtener herramientas para manejar lo que le pasa. ,0.5,0.5,0.5,0.0,0.5,1.0,Entre 40 y 50 años,1.0,0.5,No,0.5,1.0,0.5,0.0,,,Interno al tema,0.625,0.5,0.5
15/9/2026 20:55:54,Acepto participar,B,Masculino,Terciario Completo,0,1,0,Que necesita hacer deporte,0.0,0.5,-1.0,-1.0,-0.0,0.5,Entre 40 y 50 años,0.0,-0.0,"Trato de evitarlo, cuando en tomar me ah ayudado pero con contraindicaciones, cómo sueño constante",0.5,0.5,-0.5,0.5,,,Externo al tema,0.125,-0.375,0.25
15/9/2026 21:14:21,Acepto participar,L,Femenino,Universitario Completo,1,1,0,Depende. En algunos casos pienso “uy pobre q bajón” y en otros “que bien que tenga seguimiento médico”,1.0,1.0,1.0,0.5,1.0,1.0,Entre 30 y 39 años,1.0,1.0,"Mi hermana tuvo intento de suicidio, seguida de depresiones muy profundas que me hicieron aprender sobre la psiquiatría. Luego yo experimenté episodios mucho más leves de ansiedad que también me hicieron recurrir a un profesional y tomar medicación. La única pregunta que me hizo ruido es si al enterarme que alguien toma medicación psiquiátrica cambiaría mi modo de relacionarme. Puse que depende porque todo tendrá que ver con la gravedad del cuadro.",1.0,0.5,-0.0,1.0,,,Interno al tema,1.0,0.875,0.625
15/9/2026 21:15:58,Acepto participar,B,Femenino,Secundario Completo,0,0,1,Que la persona está pasando por una situación complicada y que está en un proceso de mejoramiento ,0.0,0.0,0.0,0.0,-0.0,-1.0,Entre 18 y 29 años,1.0,1.0,Mi padre no recuerdo como tal lo que sucedió pero sí recuerdo que él tenía un problema para controlar la ira y la verdad no sabría que más decirte pero respeto y concierto que si se puede tratar con una persona y que realizar un actividad diaria esté bien ,-1.0,1.0,0.5,1.0,,,Interno al tema,0.25,0.0,0.375
15/9/2026 21:22:01,Acepto participar,L,Masculino,Terciario Completo,1,0,0,Está el estigma de “no poder encarar la vida por su cuenta”,1.0,1.0,1.0,1.0,1.0,0.5,Entre 30 y 39 años,1.0,0.5,Que son más cuerdas por más que se piense lo contrario a que si no tomasen ,-1.0,1.0,0.5,0.0,,,Interno al tema,1.0,0.75,0.125
15/9/2026 21:22:36,Acepto participar,L,Femenino,Secundario Completo,1,1,0,que esta loco,1.0,1.0,1.0,1.0,1.0,1.0,Entre 40 y 50 años,1.0,1.0,Desde que tomo mi medicación me siento mejor y no entiendo como aun hay gente con prejuicios ,1.0,1.0,1.0,1.0,,,Interno al tema,1.0,1.0,1.0
15/9/2026 21:22:57,Acepto participar,L,Femenino,Universitario Completo,1,1,0,Que está pasando por un momento difícil de cierto desequilibro y que ojalá acompañe con terapia para poder dejar mi bien pueda,1.0,1.0,0.5,0.0,-0.0,0.0,Entre 40 y 50 años,0.5,-0.0,"La experiencia de amigas que hayan estado mediacadas y eso no afectó mi vínculo ni mi mirada sobre su valor, si respecto a su vulnerabilidad y cierta incertidumbre sobre el impacto real de esa medicación sobre otras habilidades (memoria, conexión desarrollo emocional)Lo mismo hacía mi persona y hoy con personas de mi entorno. En niños diagnosticados con tdah siento más temor por las consecuencias que puede producir ",0.5,1.0,-0.0,0.5,,,Interno al tema,0.625,0.125,0.5
15/9/2026 21:23:35,Acepto participar,M,Femenino,Terciario Completo,0,0,0,empatía y pienso que el contexto que vivimos es duro así que no me sorprende,1.0,1.0,0.5,1.0,-0.0,0.5,Entre 18 y 29 años,1.0,-0.0,Mi amigo tomaba medicación psiquiatrica y lo único que pensaba era en que cuando saliamos no mezclara y haga bien su tratamiento ,1.0,1.0,-0.0,0.5,,,Externo al tema,0.75,0.5,0.625
15/9/2026 21:25:02,Acepto participar,M,Femenino,Secundario Completo,0,1,0,Me pregunto que patología/trastorno pueda llegar a tener ,0.5,1.0,0.5,0.5,1.0,1.0,Entre 18 y 29 años,1.0,0.5,"Amigos de mi edad toman o tomaron alguna vez medicación psiquiátrica para la ansiedad, depresión, tdah, etc",-1.0,1.0,-0.5,1.0,,,Externo al tema,0.875,0.625,0.125
15/9/2026 21:26:38,Acepto participar,B,Femenino,Universitario Completo,1,0,0,Pienso que es alguien responsable de su salud mental y que está trabajando en sigo mismo,1.0,1.0,1.0,1.0,1.0,1.0,Entre 30 y 39 años,1.0,1.0,"Yo pasé por un momento complicado en mi vida donde sola no podía resolverlo. Pasaba días sin dormir, llanto repentino acompañado de desesperación total, hiper ventilación todo al mismo tiempo y de golpe, sin aviso previo de mi cuerpo o emociones. Consulte con un profesional de la salud quien me médico en su momento y me ayudó a continuar mi vida con MAYOR y mejoor NIVEL VIDA ya que la medicación me ayudaba a tener más claridad mental y controlar mejor mis emociones.",-1.0,1.0,1.0,1.0,,,Interno al tema,1.0,1.0,0.5
15/9/2026 21:47:32,Acepto participar,B,Masculino,Secundario Completo,0,1,1,Que se esta cuidando/que tiene problemas,0.0,1.0,0.0,-0.5,1.0,1.0,Entre 18 y 29 años,1.0,1.0,"Conozco gente que toma o ha tomado medicacion psiquiatrica y normal, es como cualquier otra enfermedad. Si me preocupa el poco seguimiento que se le suele dar, conozco gente que mantiene medicaciones fuertes por largos periodos de tiempo y no deberia ser asi",1.0,1.0,-0.0,0.5,,,Interno al tema,0.75,0.375,0.625
15/9/2026 21:52:27,Acepto participar,B,Masculino,Primario completo,0,1,0,Que estara pasando un mal momento,1.0,0.5,1.0,1.0,1.0,1.0,Entre 18 y 29 años,-0.5,1.0,"Tengo amigos que toman medicación por diferentes motivos y hablo constantemente con ellos de la mejor forma. Creo que también depende de qué tipo de medicación estés tomando; no entiendo mucho del tema, pero no creo que una persona que toma medicación para poder dormir se vean afectadas sus actividades diarias.",-1.0,-1.0,-1.0,-1.0,,,Externo al tema,0.5,1.0,-1.0
15/9/2026 22:15:29,Acepto participar,B,Femenino,Secundario Completo,0,1,0,Que no hay nada de malo,0.5,1.0,1.0,0.0,0.5,1.0,Entre 18 y 29 años,1.0,-1.0,"Tengo familiares y personas cercanas que toman y tomaron, haciéndome entender que son situaciones normales y que es algo que necesitan, y que no hay que ponerle una carga negativa al tema ",1.0,0.5,1.0,1.0,,,Externo al tema,0.75,0.25,0.875
15/9/2026 22:21:27,Acepto participar,L,Femenino,Universitario Completo,0,1,1,Que algo no esta bien en esa persona,0.5,1.0,1.0,0.5,1.0,1.0,Entre 30 y 39 años,1.0,1.0,No,1.0,1.0,-0.5,1.0,,,Interno al tema,0.875,0.875,0.625
15/9/2026 22:21:48,Acepto participar,B,Femenino,Secundario Completo,0,1,0,"Nada, me pregunto si en algun momento podra dejar de tomarlo y tendra una vida normal",0.5,0.5,1.0,0.5,0.5,0.5,Entre 40 y 50 años,1.0,-0.5,"He visto a personas, sin enfermedades, que tuvieron necesidad de tomar remedios psiquiátricos, y los vi despues, realizando una vida normal. Entiendo que en algunos casos es momentaneo la necesidad de tomar pastillas psiquiatricaa",0.5,1.0,1.0,0.5,,,Externo al tema,0.625,0.375,0.75
15/9/2026 22:23:35,Acepto participar,L,Femenino,Terciario Completo,0,1,0,"Nada en particular! Así como hay gente que necesita medicación para la tiroides, presion, colesterol, etc están los que necesitan una medicación psiquiátrica, siempre que toda medicación ayude, lo importante es que él lo toma este bien medicado, para que sea x lo sea que lo tome este bien! ",1.0,0.5,1.0,1.0,-0.0,1.0,Entre 40 y 50 años,1.0,0.5,No realmente ,0.5,1.0,-0.0,0.5,,,Externo al tema,0.625,0.875,0.5
15/9/2026 22:27:21,Acepto participar,B,Femenino,Universitario Completo,0,1,1,"que tiene un diagnóstico, posibilidad de CUD... ",1.0,1.0,0.5,0.5,0.5,1.0,Entre 18 y 29 años,1.0,-0.0,"El hecho de estudiar una carrera del área de salud, permite pensar a la persona a través de una mirada integral y desestigmatizar y sacar peso a la medicación psiquiatrica, entendiendo que es un proceso más de la vida.",1.0,1.0,-0.0,1.0,,,Interno al tema,0.875,0.5,0.75
15/9/2026 22:27:27,Acepto participar,B,Femenino,Secundario Completo,0,1,1,"Que es algo serio, si es joven sorprende mucho. ",1.0,1.0,0.5,0.0,1.0,0.5,Entre 18 y 29 años,0.5,0.5,"Tengo familiares y amigos, no le veo lo malo/raro ",1.0,1.0,1.0,-1.0,,,Interno al tema,0.875,0.375,0.5
15/9/2026 22:27:47,Acepto participar,B,Femenino,Secundario Completo,1,1,1,"Que esta recibiendo ayuda para estar bien, porque no esta pudiendo lograrlo solo ",0.0,0.5,1.0,0.5,0.5,1.0,Entre 18 y 29 años,1.0,1.0,No hay nada que influya en mi manera de pensar sobre las personas que toman medicacion psiquiátrica ,1.0,1.0,1.0,1.0,,,Interno al tema,0.5,0.875,1.0
15/9/2026 22:29:20,Acepto participar,L,Masculino,Secundario Completo,0,1,0,Que la toma para tratar algún transtorno psicologico,1.0,1.0,1.0,0.0,-0.5,1.0,Entre 30 y 39 años,1.0,0.5,ninguna en particular,1.0,1.0,0.5,1.0,,,Externo al tema,0.625,0.625,0.875
15/9/2026 22:35:52,Acepto participar,B,Masculino,Universitario Completo,0,1,0,Tiene ansiedad o depresion,1.0,1.0,1.0,-0.5,0.5,1.0,Entre 18 y 29 años,1.0,0.5,No me parece bien recurrir a las drogas sin antes haber agotado todas las otras vias de tratamiento para una enfermedad mental,1.0,0.5,-0.0,1.0,,,Externo al tema,0.875,0.5,0.625
15/9/2026 22:53:48,Acepto participar,L,Masculino,Secundario Completo,0,1,0,Que la toma para tratar algún trastorno psicologico,1.0,1.0,1.0,0.0,-0.0,1.0,Entre 30 y 39 años,1.0,1.0,ninguna en particular,1.0,1.0,1.0,1.0,,,Externo al tema,0.75,0.75,1.0
15/9/2026 23:15:03,Acepto participar,L,Femenino,Universitario Completo,0,1,0,Que le pasó ? ,1.0,0.0,0.5,0.0,-0.0,0.5,Entre 18 y 29 años,1.0,0.5,No tengo experiencia ni situación que haya influido en mi forma de pensar las personas que toman medicación psiquiátrica ,1.0,0.5,0.5,1.0,,,Externo al tema,0.5,0.375,0.75
15/9/2026 23:33:40,Acepto participar,S,Masculino,Secundario Completo,0,1,0,Una persona a la cual necesita un fármaco para vivir su día a día sin que le afecte su enfermedad o condición psiquiátrica,0.5,0.5,0.5,1.0,0.5,1.0,Entre 18 y 29 años,1.0,0.5,"Que yo recuerde no, salvo ver frascos de pastillas en mi niñes y leer sus errebesados nombres como si fuera un juego, solo eso.",-1.0,0.5,-0.5,1.0,,,Externo al tema,0.625,0.75,0.0
16/9/2026 0:03:25,Acepto participar,L,Femenino,Secundario Completo,0,1,0,"Que lo necesita porque que no está bien, que lo necesita para ""ser funcional""",1.0,1.0,0.5,-0.5,-0.5,1.0,Entre 18 y 29 años,0.5,1.0,"Me ocurrió de enterarme que un amigo toma antidepresivos, me cambió la manera de pensar en que tal vez debo ser cuidadosa o tenerlo más presente a la hora de preguntar cómo está. ",1.0,1.0,-0.5,0.5,,,Externo al tema,0.5,0.5,0.5
16/9/2026 0:05:23,Acepto participar,L,Masculino,Universitario Completo,0,0,0,Que ta loco,0.5,0.5,0.5,0.5,-0.0,0.5,Entre 18 y 29 años,0.5,-0.0,No tengo ,-0.5,-0.5,-0.5,0.5,,,Externo al tema,0.375,0.375,-0.25
16/9/2026 0:14:37,Acepto participar,L,Femenino,Terciario Completo,1,0,0,Que necesita un tratamiento,1.0,-1.0,-0.5,0.0,1.0,-1.0,Entre 40 y 50 años,1.0,1.0,Si toma medicación es porque seguro q la necesita,0.0,1.0,1.0,0.5,,,Interno al tema,0.5,-0.125,0.625
16/9/2026 0:47:45,Acepto participar,M,Femenino,Terciario Completo,0,0,1,Que convive con un determinado padecimiento ,1.0,1.0,1.0,0.0,-1.0,1.0,Entre 18 y 29 años,1.0,0.5,"Estudiar psicología. Creo que nuestras percepciones sobre alguien cambian cuando nos enteramos de que toma medicación, pero eso no siempre es malo. Pienso que el hecho de saber que alguien toma medicación por algún padecimiento en salud mental, aunque esto no le impida seguir con sus actividades diarias, nos da la pauta de que hay situaciones en las que el rendimiento o desempeño de la persona puede variar y eso también es válido, así como nos empuja también a buscar las herramientas para que el acompañamiento sea desde un lugar que sume en lugar de ser hostil.",1.0,1.0,-0.5,1.0,,,Interno al tema,0.5,0.625,0.625
16/9/2026 2:25:55,Acepto participar,M,Masculino,Secundario Completo,0,1,0,Que es una persona que está en tratamiento de salud mental y es cómo cualquier otro remedio de cualquier otro órgano del cuerpo ,1.0,1.0,0.5,-0.5,0.5,1.0,Entre 18 y 29 años,1.0,1.0,Mi hermana toma antidepresivos y antipsicóticos ,-1.0,1.0,-1.0,1.0,,,Externo al tema,0.875,0.5,0.0
16/9/2026 3:20:44,Acepto participar,M,Masculino,Secundario Completo,1,1,0,pobre locx,0.5,0.5,0.0,0.5,-0.0,0.5,Entre 18 y 29 años,0.5,-0.0,Mi hermana es paciente psiquiátrico.,0.0,1.0,-0.0,-0.5,,,Interno al tema,0.375,0.25,0.125
16/9/2026 4:45:44,Acepto participar,B,Femenino,Universitario Completo,1,1,1,Que esta en tratamiento. ,0.5,1.0,0.5,0.5,-0.5,0.5,Entre 30 y 39 años,0.5,1.0,Soy psicologa,0.0,-0.5,-0.0,1.0,,,Interno al tema,0.375,0.625,0.125
16/9/2026 11:00:26,Acepto participar,S,Masculino,Secundario Completo,0,0,0,Que se encuentra en una situacion grave en la psiquis y no puede tomar control de sus acciones o pensamientos sin el uso de los medicamentos,0.5,0.5,-0.5,-0.5,0.5,0.5,Entre 18 y 29 años,0.0,-0.5,"Tengo un amigo que me entere hace poco que estaba pasando por depresión (muchas veces auto generándose daño físico) y, por esa razón, por un tiempo estuvo medicándose, eso no afecto casi nada del entorno, pero si me hizo darle mas atención",0.5,1.0,-0.5,0.5,,,Externo al tema,0.375,-0.25,0.375
16/9/2026 11:18:04,Acepto participar,S,Femenino,Terciario Completo,0,0,0,Que bien! Debe ser q lo necesita,0.5,1.0,0.5,0.5,1.0,1.0,Entre 40 y 50 años,1.0,0.5,Conoci y escuche de personas que les hizo bien la medicacion,1.0,1.0,0.5,1.0,,,Externo al tema,0.875,0.625,0.875
16/9/2026 11:18:32,Acepto participar,S,Masculino,Secundario Completo,0,0,0,Qué es una persona enferma,0.5,1.0,1.0,1.0,-0.0,0.5,Entre 30 y 39 años,1.0,-0.5,No tengo,1.0,-0.5,1.0,1.0,,,Externo al tema,0.625,0.5,0.625
16/9/2026 11:39:34,Acepto participar,B,Masculino,Secundario Completo,0,0,0,Pienso que es una alternativa para solucionar algo que se considera perjudicial para la persona,0.5,1.0,0.0,0.5,0.5,0.5,Entre 18 y 29 años,1.0,1.0,No tengo ninguna experiencia cercana sobre la medicacion psiquiátrica.,0.5,1.0,0.5,0.0,,,Externo al tema,0.75,0.5,0.5
16/9/2026 11:54:07,Acepto participar,B,Masculino,Secundario Completo,0,0,0,Algo normal,1.0,1.0,1.0,1.0,1.0,1.0,Entre 18 y 29 años,1.0,1.0,Una ex pareja tomaba medicación psiquiátrica y me ayudó a comprender mejor sobre esta realidad,-1.0,0.0,-0.0,1.0,,,Externo al tema,1.0,1.0,0.0
16/9/2026 11:54:51,Acepto participar,S,Femenino,Terciario Completo,0,0,0,"Que la persona atraviesa un trastorno mental, que seguramente sea a causa de mucho estres. ",0.0,0.5,0.5,0.0,0.5,0.5,Entre 30 y 39 años,0.5,0.5,No tengo,0.5,0.5,1.0,1.0,,,Externo al tema,0.375,0.375,0.75
16/9/2026 12:01:39,Acepto participar,S,Femenino,Secundario Completo,0,0,0,Que necesita ayuda,1.0,0.5,0.5,0.5,0.5,0.5,Entre 30 y 39 años,1.0,0.5,"Somos todos iguales. 
",0.5,1.0,0.5,0.5,,,Externo al tema,0.75,0.5,0.625
16/9/2026 12:36:01,Acepto participar,M,Femenino,Secundario Completo,0,1,0,"Ya lo normalicé tanto que no pienso en nada puntual. Quizá un “que cagada, ojalá no lo necesitara”",1.0,0.0,1.0,1.0,1.0,1.0,Entre 18 y 29 años,1.0,0.5,No,0.5,1.0,0.5,0.5,,,Externo al tema,0.75,0.875,0.625
16/9/2026 12:40:56,Acepto participar,L,Femenino,Secundario Completo,1,1,1,Se siente mal,1.0,1.0,1.0,0.0,-0.0,1.0,Entre 18 y 29 años,1.0,-0.5,Empezar un tratamiento psiquiátrico influyó en mi percepción. Viviendo la experiencia no me hago ideas erradas sobre como se sienten o que piensan otras personas en tratamiento. ,0.5,1.0,0.5,0.5,,,Interno al tema,0.75,0.375,0.625
16/9/2026 12:53:54,Acepto participar,M,Femenino,Universitario Completo,0,0,0,Siento incertidumbre o temor,1.0,1.0,0.5,-0.5,-0.5,1.0,Entre 18 y 29 años,0.5,-0.0,"Tengo una amiga que tiene trastorno bipolar. En el último año de secundaria, me acuerdo de que le agarró un brote psicótico y empezó a tener problemas con todo el aula. Luego comenzó a mejorar gracias a la medicación. Pero estos últimos meses, debido a situaciones familiares (el fallecimiento de su padre) y sus estudios universitarios, empeoró y le tuvieron que subir la dosis de los medicamentos. Me había contado que hasta la tuvieron que internar varias veces. Yo aprendí que soy incapaz de ayudarla para que pueda mejorar su situación. Me da miedo qué palabras usar con ella, qué tipo de ánimo darle, me da miedo que llegue a tener pensamientos extremos y la verdad es que no sé qué hacer con ella. Realmente es una persona muy buena e inteligente. Es una pena que tenga que sufrir tanto internamente..",1.0,0.5,-1.0,1.0,,,Externo al tema,0.5,0.25,0.375
16/9/2026 14:13:17,Acepto participar,L,Femenino,Terciario Completo,1,1,1,Me intriga el porqué y pienso que qué bueno que tenga esa posibilidad ,1.0,1.0,1.0,1.0,0.5,1.0,Entre 18 y 29 años,1.0,1.0,Cuando un profesional psiquiatra me dijo que no es para siempre en mi caso. ,1.0,1.0,1.0,1.0,,,Interno al tema,0.875,1.0,1.0
16/9/2026 14:14:46,Acepto participar,L,Femenino,Universitario Completo,1,1,1,Que está pasando por una crisis,1.0,1.0,1.0,0.5,1.0,1.0,Entre 40 y 50 años,1.0,1.0,.,1.0,1.0,1.0,1.0,,,Interno al tema,1.0,0.875,1.0
16/9/2026 14:38:56,Acepto participar,L,Femenino,Universitario Completo,0,1,0,Que se ocupa de su salud mental ,1.0,1.0,1.0,1.0,1.0,0.5,Entre 40 y 50 años,1.0,0.5,"Tengo pareja y amigos que toman medicación y siempre lo entendí como un complemento a su tratamiento psicológico. Lo que agrego a la encuesta es que está bueno preguntar siempre si se siente cómodo por ejemplo a realizar x trabajo o salida, es decir, consultar siendo que uno conoce que está medicado. Por ejemplo un amigo tomaba medicación que le producía mareos entonces no podía manejar, la comunicación es clave. ",1.0,0.5,0.5,0.5,,,Externo al tema,1.0,0.75,0.625
16/9/2026 14:41:42,Acepto participar,L,Femenino,Universitario Completo,0,1,0,Que lo necesita para vivir en sociedad y en si mismo,0.5,1.0,0.5,0.0,1.0,1.0,Entre 40 y 50 años,0.5,0.5,Depende la dificultad que atraviesa. No es lo mismo una ezquisofrenia que una depresión o ansiedad... ,1.0,1.0,0.5,1.0,,,Externo al tema,0.75,0.5,0.875
16/9/2026 15:32:56,Acepto participar,L,Femenino,Terciario Completo,1,1,0,Que no está pudiendo manejar sus emociones y decidió pedir ayudar,0.5,1.0,0.5,1.0,1.0,1.0,Entre 40 y 50 años,1.0,1.0,Depende de qué medicación y en qué persona. No todas las situaciones son iguales. Algunas vez he vivido situaciones más riesgosas que otras,-1.0,1.0,1.0,1.0,,,Interno al tema,0.875,0.875,0.5
16/9/2026 15:36:08,Acepto participar,L,Femenino,Universitario Completo,1,1,1,"Nada en específico, depende la patología. Me imagino que lo necesitará. Yo tomo medicación psiquiátrica y me parece normal.",1.0,1.0,1.0,0.5,1.0,1.0,Entre 18 y 29 años,1.0,1.0,No,1.0,1.0,1.0,1.0,,,Interno al tema,1.0,0.875,1.0
16/9/2026 15:44:37,Acepto participar,L,Femenino,Terciario Completo,0,1,0,"Que es una persona que quiere estar bien, y esta buscando los medios. ",0.5,0.5,0.5,0.5,0.5,0.5,Entre 30 y 39 años,1.0,0.5,Me paso de trabajar con una persona que estaba saliendo de adicción a las drogasy tomaba medicación psiquiátrica. Pidió ayuda. Se enfocó en el trabajo y en mejorar. Nunca trajo ningún tipo de problema. Super responsable ,-0.5,0.5,0.5,1.0,,,Externo al tema,0.625,0.5,0.375
16/9/2026 15:59:12,Acepto participar,L,Femenino,Universitario Completo,0,0,0,Que tiene una afectación en su salud mental ,0.5,0.5,0.0,0.5,0.5,0.5,Entre 30 y 39 años,0.5,0.5,Ninguna ,0.5,0.5,0.5,-1.0,,,Externo al tema,0.5,0.375,0.125
16/9/2026 16:53:53,Acepto participar,M,Femenino,Universitario Completo,0,1,1,Qué lo habrá llevado a la medicación,0.5,1.0,1.0,0.0,0.5,1.0,Entre 30 y 39 años,1.0,1.0,No,-1.0,1.0,1.0,0.5,,,Interno al tema,0.75,0.75,0.375
16/9/2026 17:17:06,Acepto participar,M,Masculino,Secundario Completo,0,0,0,Calmantes,0.5,0.5,0.5,-0.5,0.5,0.5,Entre 18 y 29 años,0.5,-0.5,No tengo experiencia,-0.5,0.5,0.5,0.5,,,Externo al tema,0.5,0.0,0.25
16/9/2026 17:28:35,Acepto participar,L,Femenino,Secundario Completo,1,1,0,Hoy en día que es lo mas normal del mundo para mi,1.0,1.0,1.0,0.5,1.0,1.0,Entre 18 y 29 años,1.0,0.5,Yo tomo medicación psiquiátrica y amigos/familia también. el hablar del tema sin juicios me parece sumamente importante ya que hay mucho estigma sobre el tema.,1.0,1.0,0.5,1.0,,,Interno al tema,1.0,0.75,0.875
16/9/2026 17:45:16,Acepto participar,L,Femenino,Terciario Completo,0,1,1,"Siento que se activa un tipo de trato y empatía diferente, por una cuestión de fragilidad.",1.0,0.5,1.0,0.5,0.5,0.5,Entre 18 y 29 años,1.0,1.0,"No, solo preocupación por el seguimiento o el miedo a que sea algo que le dé duda y lo deje ",1.0,1.0,1.0,1.0,,,Interno al tema,0.75,0.75,1.0
16/9/2026 17:50:01,Acepto participar,L,Femenino,Terciario Completo,0,0,1,Que no puede regularse solo,1.0,0.5,0.5,0.0,-1.0,0.5,Entre 30 y 39 años,0.0,-0.5,"Si, que no es una sentencia a la persona, es una ayuda ",0.0,0.0,0.5,-0.5,,,Interno al tema,0.125,0.125,0.0
16/9/2026 17:50:15,Acepto participar,S,Femenino,Universitario Completo,0,0,0,Que tiene algun transtorno psiquiatrico que se esta tratando,0.5,1.0,0.0,-0.5,0.5,1.0,Entre 30 y 39 años,1.0,0.5,No tengo ninguna situacion asi,1.0,0.5,0.5,0.5,,,Externo al tema,0.75,0.25,0.625
16/9/2026 17:53:38,Acepto participar,L,Femenino,Terciario Completo,0,1,0,Que bueno si está controla por un profesional de la salud,1.0,1.0,1.0,1.0,0.5,1.0,Entre 40 y 50 años,1.0,0.5,"Mis respuestas tienen que ver con la cercanía con el tema, creo que eso hace que mis respuestas sean muy distintas a personas que no tienen ni familiares ni amigos en tratamiento psiquiátrico. Hay muchos prejuicios respecto de los tratamientos psiquiátricos.",1.0,1.0,1.0,1.0,,,Externo al tema,0.875,0.875,1.0
16/9/2026 18:11:59,Acepto participar,S,Masculino,Universitario Completo,0,0,1,Me pregunto si podría haber empezado un tratamiento preventivo para no llegar a ese punto,0.5,0.5,0.5,0.0,0.5,0.5,Entre 40 y 50 años,0.5,0.5,No,0.5,0.5,-0.0,0.5,,,Interno al tema,0.5,0.375,0.375
16/9/2026 18:24:55,Acepto participar,B,Femenino,Secundario Completo,1,1,0,Preocupación cuando es una persona que lleva tomando por largos periodos de tiempo,0.5,1.0,0.5,1.0,0.5,0.5,Entre 18 y 29 años,1.0,-0.0,Básicamente creo que es horrible cuando alguien toma medicación psiquiátrica durante largos periodos de tiempo ya que con mi mamá 6 un par de amigas era como hablar con un zombie y de a momentos si se podía hablar normal pero era algo que ni siquiera van a recordar esas personas. Creo que la medicación es útil pero creo que es una ayuda uno tiene que hacer lo mejor posible para mejorar y que solo sea algo temporal,0.0,1.0,-0.0,-0.5,,,Interno al tema,0.75,0.5,0.125
16/9/2026 18:27:49,Acepto participar,S,Femenino,Universitario Completo,1,1,1,En caso de automedicación: que mal. En caso de que sea recetado bienvenido al club jaja Me parece bien que esté en tratamiento y se este haciendo cargo de lo que le recomendaron sus profesionales,1.0,1.0,1.0,0.0,0.5,1.0,Entre 30 y 39 años,1.0,0.5,"Tengo experiencias cercanas con familiares donde fue fundamental el uso de medicación psiquiatrica. En el caso de ellos, que son casos graves, me pareció fundamental y muy importante. Mi hermano para bajarlo de un episodio maníaco le fui a comprar la medicación yo, costó mucho que la quisiera tomar. Le pinté unos dibujitos para taparle el nombre de la medicación porque no quería saber qué era. El psiquiatra un genio que logró que la tomara. Ahora hace años está medicado y super bien. Una psicóloga le dijo que era como un diabético necesita siempre su medicación y eso lo ayudó a aceptarlo. 
En mi caso me costó mucho aceptar que necesitaba un estabilizador del animo, solo tuve depresión pero fue lo que se me recetó. Al principio una depre intenté con un suplemento dietario que fue lo primero que me recetó la psiquiatra, porque estaba negada a tomar medicación. Un año después, con ayuda de mi psicóloga acepté el tratamiento y fue lo mejor que me pasó en la vida. Estoy muy feliz de haberlo podido hacer, porque ahora me siento mucho mejor y puedo llevar adelante mis proyectos de vida.",1.0,1.0,1.0,1.0,,,Interno al tema,0.875,0.625,1.0
16/9/2026 20:10:58,Acepto participar,S,Femenino,Secundario Completo,0,0,0,que están locos,1.0,1.0,1.0,-1.0,0.5,1.0,Entre 18 y 29 años,1.0,1.0,"una amiga toma medicación psiquiátrica, pero cuando me lo contó, la única manera en la que cambió mi actitud/percepción hacia ella solo fue querer cuidarla y ser más sensible con ella",1.0,0.5,1.0,1.0,,,Externo al tema,0.875,0.5,0.875
16/9/2026 21:05:04,Acepto participar,L,Masculino,Universitario Completo,0,0,0,"Hay un pequeño prejuicio, si. Aunque cada vez menos.",1.0,1.0,1.0,1.0,1.0,1.0,Entre 18 y 29 años,1.0,1.0,Ninguna,1.0,1.0,1.0,1.0,,,Externo al tema,1.0,1.0,1.0
16/9/2026 21:53:40,Acepto participar,M,Femenino,Universitario Completo,0,1,1,Que la química de su cerebro la necesita ,1.0,1.0,1.0,0.5,1.0,1.0,Entre 40 y 50 años,1.0,1.0," No, no hay ninguna ",1.0,1.0,1.0,1.0,,,Interno al tema,1.0,0.875,1.0
17/9/2026 0:09:39,Acepto participar,L,Masculino,Secundario Completo,1,1,0,"Está bien, cada vez es menos tabú hablar sobre esos temas y eso ayuda a que las personas que lo transitan se sientan en confianza para poder hablarlo ",0.5,0.5,1.0,0.5,0.5,0.5,Entre 18 y 29 años,0.5,0.5,"Tome medicación durante unos años y conocí mucha gente en ese periodo que lo hacía, eso me hizo empatizar con su situación y que se sientan cómodos hablándolo ",0.5,0.5,0.5,0.5,,,Interno al tema,0.5,0.625,0.5
17/9/2026 10:10:20,Acepto participar,M,Masculino,Terciario Completo,0,1,0,"Uy, pobre",0.0,0.5,0.5,0.5,0.5,1.0,Entre 18 y 29 años,0.5,0.5,Nop,0.5,0.5,-0.5,1.0,,,Externo al tema,0.375,0.625,0.375
17/9/2026 10:53:24,Acepto participar,M,Masculino,Terciario Completo,1,0,0,"Depende la medicacion, pero nunca nada negativo ni juzgar.",0.5,1.0,1.0,0.5,0.5,0.5,Entre 18 y 29 años,1.0,1.0,"No realmente, los cambios de perspectiva que tuve fueron por mis propias experiencias probando esquemas de medicacion, no por  otros.",1.0,1.0,-0.0,0.0,,,Interno al tema,0.75,0.75,0.5
17/9/2026 11:09:27,Acepto participar,S,Femenino,Secundario Completo,1,1,1,"Es mi hermana, es parte de la comunidad.",1.0,0.5,1.0,1.0,-0.5,1.0,Entre 18 y 29 años,-1.0,-0.5,"A veces me agarran momentos angustiosos y pienso q es por no tomar la pastilla, aunque eso no sea así.",-1.0,-1.0,0.5,1.0,,,Interno al tema,0.0,0.625,-0.125
17/9/2026 12:22:12,Acepto participar,S,Femenino,Terciario Completo,0,0,0,"Que tiene algun problema de salud y que necesita medicacion
",1.0,1.0,0.5,0.0,0.5,1.0,Entre 40 y 50 años,1.0,-1.0,no,1.0,1.0,-0.5,1.0,,,Externo al tema,0.875,0.125,0.625
17/9/2026 13:05:45,Acepto participar,S,Femenino,Universitario Completo,0,1,0,Le va a hacer bien para bajar un cambio,1.0,-0.5,1.0,1.0,0.5,1.0,Entre 30 y 39 años,1.0,0.5,No me paso,0.5,1.0,0.5,0.5,,,Externo al tema,0.5,0.875,0.625
17/9/2026 13:18:03,Acepto participar,S,Masculino,Secundario Completo,0,0,0,"Que tiene problemas mentales, traumas o está en rehabilitación por algún accidente o adicciones. ",0.5,1.0,0.5,0.0,0.5,0.5,Entre 30 y 39 años,1.0,0.5,No. ,0.0,1.0,-0.0,1.0,,,Externo al tema,0.75,0.375,0.5
17/9/2026 13:18:29,Acepto participar,S,Femenino,Universitario Completo,0,1,0,Que debe necesitarlo,0.5,0.5,0.5,0.5,0.5,0.0,Entre 40 y 50 años,0.5,0.5,No,0.5,0.5,-0.5,0.5,,,Externo al tema,0.5,0.375,0.25
17/9/2026 13:20:26,Acepto participar,S,Masculino,Terciario Completo,0,0,0,"Pienso es que esa persona está recibiendo ayuda profesional para cuidar su salud mental, tambien creo que no debemos juzgarlas, sino tratarlas con empatía y respeto",0.5,0.5,-0.5,0.5,0.5,0.5,Entre 30 y 39 años,0.5,1.0,"Sí, tuve experiencias, principalmente con personas mayores que tomaban medicación psiquiátrica. Me dolió ver cómo algunas personas a su alrededor las dejaban de lado o las apartaban, como si tuvieran una enfermedad contagiosa. Considero que esto sucede, en gran parte, por la desinformación y los prejuicios, que terminan causando aún más heridas. No deberíamos juzgarlas, sino acompañarlas, comprenderlas y ayudarlas, especialmente quienes profesamos la fe cristiana.",0.5,0.5,1.0,1.0,,,Externo al tema,0.5,0.375,0.75
17/9/2026 13:24:18,Acepto participar,S,Femenino,Secundario Completo,0,1,0,Depresion,0.5,1.0,0.5,1.0,1.0,1.0,Entre 30 y 39 años,1.0,1.0,"Entiendo que se necesita valor para comenzar un tratamiento psiquiatrico por el prejuicio. A mi me ayudo mucho escuchar de gente que esta con el tratamiento sus experiencias, asi me cambio el punto de vista y a normalizarlo por eso siento que esta bueno tratar de hablarlo en conversaciones cotidianas.",0.5,1.0,-0.5,0.5,,,Externo al tema,0.875,0.875,0.375
17/9/2026 13:35:23,Acepto participar,S,Femenino,Universitario Completo,0,1,0,Que le cuesta regular sus emociones o estrés ,0.5,0.5,0.0,0.5,-0.5,0.5,Entre 30 y 39 años,0.5,0.5,No tengo nada en contra de las personas que necesitan la medicación psiquiátrica para trabajar o para su vida personal. Pero me genera duda sobre los profesionales la forma en que recetan esta medicación. Siento que si calculan mal la dosis podría ser peligroso y afectaría en el funcionamiento de una persona. Lo recetan como un ibuprofeno. Tengo una persona cercana que por sus niveles altos de ansiedad y nervios le recetaban sin seguimiento la medicación y el paciente tomaba la dosis que le parecía. ,0.5,0.5,0.5,0.5,,,Externo al tema,0.25,0.375,0.5
